"dataset","mechanism","rho","trial","fit","roc_auc","avg_precision","fit_seconds"
"Epstein emails 2007–2025 (core-100)","MCAR",0.1,1,"MPLE",0.714876033057851,0.644415180778817,0.277
"Epstein emails 2007–2025 (core-100)","MCAR",0.1,2,"MPLE",0.752066115702479,0.752025035039389,0.0509999999999997
"Epstein emails 2007–2025 (core-100)","MCAR",0.1,3,"MPLE",0.508264462809917,0.577752795333009,0.0540000000000003
"Epstein emails 2007–2025 (core-100)","MCAR",0.1,4,"MPLE",0.652892561983471,0.660736485736486,0.0489999999999999
"Epstein emails 2007–2025 (core-100)","MCAR",0.1,5,"MPLE",0.611570247933884,0.589393939393939,0.0470000000000002
"Epstein emails 2007–2025 (core-100)","MCAR",0.1,6,"MPLE",0.648760330578512,0.641497643770371,0.0460000000000003
"Epstein emails 2007–2025 (core-100)","MCAR",0.1,7,"MPLE",0.388429752066116,0.44421693404947,0.0470000000000006
"Epstein emails 2007–2025 (core-100)","MCAR",0.1,8,"MPLE",0.590909090909091,0.626973354224973,0.0470000000000006
"Epstein emails 2007–2025 (core-100)","MCAR",0.1,9,"MPLE",0.458677685950413,0.597118241235888,0.0460000000000003
"Epstein emails 2007–2025 (core-100)","MCAR",0.1,10,"MPLE",0.690082644628099,0.707532997305725,0.0460000000000003
"Epstein emails 2007–2025 (core-100)","MCAR",0.3,1,"MPLE",0.525519031141868,0.604220640509144,0.0459999999999994
"Epstein emails 2007–2025 (core-100)","MCAR",0.3,2,"MPLE",0.516003460207612,0.518151286048017,0.0449999999999999
"Epstein emails 2007–2025 (core-100)","MCAR",0.3,3,"MPLE",0.525519031141868,0.586815756316464,0.048
"Epstein emails 2007–2025 (core-100)","MCAR",0.3,4,"MPLE",0.605536332179931,0.638151252188441,0.0469999999999997
"Epstein emails 2007–2025 (core-100)","MCAR",0.3,5,"MPLE",0.509083044982699,0.575916534547596,0.0449999999999999
"Epstein emails 2007–2025 (core-100)","MCAR",0.3,6,"MPLE",0.673010380622837,0.728512981179587,0.0489999999999995
"Epstein emails 2007–2025 (core-100)","MCAR",0.3,7,"MPLE",0.535467128027682,0.591153659400245,0.0459999999999994
"Epstein emails 2007–2025 (core-100)","MCAR",0.3,8,"MPLE",0.648356401384083,0.737948751682826,0.0460000000000003
"Epstein emails 2007–2025 (core-100)","MCAR",0.3,9,"MPLE",0.624567474048443,0.677600037447903,0.0640000000000001
"Epstein emails 2007–2025 (core-100)","MCAR",0.3,10,"MPLE",0.575259515570934,0.639455259586342,0.0460000000000003
"Epstein emails 2007–2025 (core-100)","MCAR",0.5,1,"MPLE",0.606123662306778,0.624300149065429,0.0460000000000003
"Epstein emails 2007–2025 (core-100)","MCAR",0.5,2,"MPLE",0.734244946492271,0.765759631867669,0.0439999999999996
"Epstein emails 2007–2025 (core-100)","MCAR",0.5,3,"MPLE",0.608947681331748,0.672191420647182,0.0460000000000003
"Epstein emails 2007–2025 (core-100)","MCAR",0.5,4,"MPLE",0.607758620689655,0.615661992359037,0.0439999999999996
"Epstein emails 2007–2025 (core-100)","MCAR",0.5,5,"MPLE",0.637187871581451,0.690132990284256,0.0449999999999999
"Epstein emails 2007–2025 (core-100)","MCAR",0.5,6,"MPLE",0.521997621878716,0.557862753471355,0.0490000000000004
"Epstein emails 2007–2025 (core-100)","MCAR",0.5,7,"MPLE",0.688614744351962,0.667228585392488,0.0450000000000008
"Epstein emails 2007–2025 (core-100)","MCAR",0.5,8,"MPLE",0.610879904875149,0.663907621349486,0.0449999999999999
"Epstein emails 2007–2025 (core-100)","MCAR",0.5,9,"MPLE",0.60820451843044,0.628940188795784,0.048
"Epstein emails 2007–2025 (core-100)","MCAR",0.5,10,"MPLE",0.697532699167658,0.727739651453985,0.0449999999999999
"Epstein emails 2007–2025 (core-100)","MNAR_degree",0.1,1,"MPLE",0.43801652892562,0.565749486464375,0.0449999999999999
"Epstein emails 2007–2025 (core-100)","MNAR_degree",0.1,2,"MPLE",0.479338842975207,0.598007255901993,0.0500000000000007
"Epstein emails 2007–2025 (core-100)","MNAR_degree",0.1,3,"MPLE",0.566115702479339,0.630065349323722,0.0460000000000003
"Epstein emails 2007–2025 (core-100)","MNAR_degree",0.1,4,"MPLE",0.603305785123967,0.718113912231559,0.0460000000000003
"Epstein emails 2007–2025 (core-100)","MNAR_degree",0.1,5,"MPLE",0.644628099173554,0.620032997305725,0.0459999999999994
"Epstein emails 2007–2025 (core-100)","MNAR_degree",0.1,6,"MPLE",0.537190082644628,0.63055551572298,0.0469999999999997
"Epstein emails 2007–2025 (core-100)","MNAR_degree",0.1,7,"MPLE",0.363636363636364,0.490406271028281,0.0460000000000003
"Epstein emails 2007–2025 (core-100)","MNAR_degree",0.1,8,"MPLE",0.545454545454545,0.653693276420549,0.0460000000000003
"Epstein emails 2007–2025 (core-100)","MNAR_degree",0.1,9,"MPLE",0.504132231404959,0.534914664720463,0.0469999999999997
"Epstein emails 2007–2025 (core-100)","MNAR_degree",0.1,10,"MPLE",0.40495867768595,0.480928256470052,0.0460000000000003
"Epstein emails 2007–2025 (core-100)","MNAR_degree",0.3,1,"MPLE",0.355103806228374,0.468333893144499,0.0439999999999996
"Epstein emails 2007–2025 (core-100)","MNAR_degree",0.3,2,"MPLE",0.631055363321799,0.687115279971115,0.0499999999999998
"Epstein emails 2007–2025 (core-100)","MNAR_degree",0.3,3,"MPLE",0.576989619377163,0.648332391402708,0.0449999999999999
"Epstein emails 2007–2025 (core-100)","MNAR_degree",0.3,4,"MPLE",0.480536332179931,0.562040557160019,0.0449999999999999
"Epstein emails 2007–2025 (core-100)","MNAR_degree",0.3,5,"MPLE",0.448529411764706,0.542382145561086,0.0490000000000004
"Epstein emails 2007–2025 (core-100)","MNAR_degree",0.3,6,"MPLE",0.707179930795848,0.730889843769051,0.0440000000000005
"Epstein emails 2007–2025 (core-100)","MNAR_degree",0.3,7,"MPLE",0.633217993079585,0.665209735716494,0.0439999999999996
"Epstein emails 2007–2025 (core-100)","MNAR_degree",0.3,8,"MPLE",0.560121107266436,0.664921230979947,0.0489999999999995
"Epstein emails 2007–2025 (core-100)","MNAR_degree",0.3,9,"MPLE",0.447664359861592,0.556590743824382,0.0449999999999999
"Epstein emails 2007–2025 (core-100)","MNAR_degree",0.3,10,"MPLE",0.360294117647059,0.491416296195163,0.0449999999999999
"Epstein emails 2007–2025 (core-100)","MNAR_degree",0.5,1,"MPLE",0.680142687277051,0.685947108777991,0.0439999999999996
"Epstein emails 2007–2025 (core-100)","MNAR_degree",0.5,2,"MPLE",0.73974435196195,0.725903820471036,0.0459999999999994
"Epstein emails 2007–2025 (core-100)","MNAR_degree",0.5,3,"MPLE",0.747621878715815,0.782489836892224,0.0640000000000001
"Epstein emails 2007–2025 (core-100)","MNAR_degree",0.5,4,"MPLE",0.248216409036861,0.39012024327214,0.0439999999999996
"Epstein emails 2007–2025 (core-100)","MNAR_degree",0.5,5,"MPLE",0.380796670630202,0.539336774752652,0.0449999999999999
"Epstein emails 2007–2025 (core-100)","MNAR_degree",0.5,6,"MPLE",0.735434007134364,0.734737473322934,0.0459999999999994
"Epstein emails 2007–2025 (core-100)","MNAR_degree",0.5,7,"MPLE",0.757877526753864,0.742096973671633,0.0820000000000007
"Epstein emails 2007–2025 (core-100)","MNAR_degree",0.5,8,"MPLE",0.357907253269917,0.525836848113089,0.0510000000000002
"Epstein emails 2007–2025 (core-100)","MNAR_degree",0.5,9,"MPLE",0.783442330558858,0.800092156993223,0.0449999999999999
"Epstein emails 2007–2025 (core-100)","MNAR_degree",0.5,10,"MPLE",0.273632580261593,0.443626077879928,0.048
"Enron emails (core-100)","MCAR",0.1,1,"MPLE",0.648602994886779,0.555933233567098,0.103
"Enron emails (core-100)","MCAR",0.1,2,"MPLE",0.732925493060628,0.65291079348022,0.0999999999999996
"Enron emails (core-100)","MCAR",0.1,3,"MPLE",0.694074141709277,0.617442116742148,0.097999999999999
"Enron emails (core-100)","MCAR",0.1,4,"MPLE",0.672616873630387,0.571286895850111,0.088000000000001
"Enron emails (core-100)","MCAR",0.1,5,"MPLE",0.68800219138057,0.592184362070332,0.0919999999999987
"Enron emails (core-100)","MCAR",0.1,6,"MPLE",0.635819941563185,0.564979713691127,0.0939999999999994
"Enron emails (core-100)","MCAR",0.1,7,"MPLE",0.684578159240321,0.607719472856079,0.0910000000000011
"Enron emails (core-100)","MCAR",0.1,8,"MPLE",0.683436815193572,0.596384646059905,0.093
"Enron emails (core-100)","MCAR",0.1,9,"MPLE",0.709870343316289,0.604796550606129,0.0960000000000001
"Enron emails (core-100)","MCAR",0.1,10,"MPLE",0.704391891891892,0.623050946196922,0.110999999999999
"Enron emails (core-100)","MCAR",0.3,1,"MPLE",0.685533089344246,0.612142784673023,0.0899999999999999
"Enron emails (core-100)","MCAR",0.3,2,"MPLE",0.71479167085604,0.632411607946081,0.0809999999999995
"Enron emails (core-100)","MCAR",0.3,3,"MPLE",0.70448581310704,0.61660501178213,0.0869999999999997
"Enron emails (core-100)","MCAR",0.3,4,"MPLE",0.713150274487724,0.6230581637896,0.0889999999999986
"Enron emails (core-100)","MCAR",0.3,5,"MPLE",0.695492067003157,0.626839035351995,0.0869999999999997
"Enron emails (core-100)","MCAR",0.3,6,"MPLE",0.705476180900481,0.621949415767981,0.0879999999999992
"Enron emails (core-100)","MCAR",0.3,7,"MPLE",0.702628245088379,0.626736911493068,0.0890000000000004
"Enron emails (core-100)","MCAR",0.3,8,"MPLE",0.686993504795994,0.600587425871513,0.0829999999999984
"Enron emails (core-100)","MCAR",0.3,9,"MPLE",0.691196283858513,0.615180497483533,0.0850000000000009
"Enron emails (core-100)","MCAR",0.3,10,"MPLE",0.677796155160972,0.594938954667452,0.0869999999999997
"Enron emails (core-100)","MCAR",0.5,1,"MPLE",0.691161472985188,0.63514634198787,0.0709999999999997
"Enron emails (core-100)","MCAR",0.5,2,"MPLE",0.721917800774931,0.664000759006566,0.077
"Enron emails (core-100)","MCAR",0.5,3,"MPLE",0.731702258314026,0.684335352175199,0.0730000000000004
"Enron emails (core-100)","MCAR",0.5,4,"MPLE",0.720032098599943,0.658246710773128,0.0739999999999998
"Enron emails (core-100)","MCAR",0.5,5,"MPLE",0.738027783765572,0.68128890764473,0.0749999999999993
"Enron emails (core-100)","MCAR",0.5,6,"MPLE",0.742325409519807,0.681370930830725,0.081999999999999
"Enron emails (core-100)","MCAR",0.5,7,"MPLE",0.718815721068239,0.651231282865597,0.0919999999999987
"Enron emails (core-100)","MCAR",0.5,8,"MPLE",0.731339971632953,0.668869122417609,0.0750000000000011
"Enron emails (core-100)","MCAR",0.5,9,"MPLE",0.707651856990956,0.634220739868898,0.077
"Enron emails (core-100)","MCAR",0.5,10,"MPLE",0.728426281000418,0.659038945510288,0.0749999999999993
"Enron emails (core-100)","MNAR_degree",0.1,1,"MPLE",0.599707815924032,0.507286237685849,0.093
"Enron emails (core-100)","MNAR_degree",0.1,2,"MPLE",0.721968590211833,0.632840762941233,0.0950000000000006
"Enron emails (core-100)","MNAR_degree",0.1,3,"MPLE",0.635591672753835,0.539917632321613,0.0930000000000017
"Enron emails (core-100)","MNAR_degree",0.1,4,"MPLE",0.682067202337473,0.576263371156736,0.0940000000000012
"Enron emails (core-100)","MNAR_degree",0.1,5,"MPLE",0.678506208911614,0.592148950311865,0.0909999999999993
"Enron emails (core-100)","MNAR_degree",0.1,6,"MPLE",0.627784879474069,0.53287031516797,0.0960000000000001
"Enron emails (core-100)","MNAR_degree",0.1,7,"MPLE",0.672205989773557,0.578583446532572,0.134
"Enron emails (core-100)","MNAR_degree",0.1,8,"MPLE",0.675675675675676,0.588566407189298,0.0849999999999991
"Enron emails (core-100)","MNAR_degree",0.1,9,"MPLE",0.675493060628196,0.595929487252308,0.0969999999999995
"Enron emails (core-100)","MNAR_degree",0.1,10,"MPLE",0.703067932797663,0.619298428261611,0.105
"Enron emails (core-100)","MNAR_degree",0.3,1,"MPLE",0.708241167125822,0.614677501494123,0.0879999999999992
"Enron emails (core-100)","MNAR_degree",0.3,2,"MPLE",0.698352570934465,0.612864846712442,0.0920000000000005
"Enron emails (core-100)","MNAR_degree",0.3,3,"MPLE",0.679618532445857,0.605749333350562,0.0830000000000002
"Enron emails (core-100)","MNAR_degree",0.3,4,"MPLE",0.695323654205795,0.596500888733347,0.0820000000000007
"Enron emails (core-100)","MNAR_degree",0.3,5,"MPLE",0.664089364354803,0.574589241414662,0.0800000000000001
"Enron emails (core-100)","MNAR_degree",0.3,6,"MPLE",0.68758169277484,0.591536166623116,0.0869999999999997
"Enron emails (core-100)","MNAR_degree",0.3,7,"MPLE",0.718846146111927,0.637218958053765,0.0860000000000003
"Enron emails (core-100)","MNAR_degree",0.3,8,"MPLE",0.693644553479861,0.604443051544172,0.0749999999999993
"Enron emails (core-100)","MNAR_degree",0.3,9,"MPLE",0.687506284059603,0.620021709068576,0.0789999999999988
"Enron emails (core-100)","MNAR_degree",0.3,10,"MPLE",0.669968730519415,0.580265143491535,0.0790000000000006
"Enron emails (core-100)","MNAR_degree",0.5,1,"MPLE",0.73730502183683,0.679724170530393,0.0660000000000007
"Enron emails (core-100)","MNAR_degree",0.5,2,"MPLE",0.758411843876178,0.70194338568081,0.0689999999999991
"Enron emails (core-100)","MNAR_degree",0.5,3,"MPLE",0.715557858088684,0.640355853674875,0.0660000000000007
"Enron emails (core-100)","MNAR_degree",0.5,4,"MPLE",0.725968165869334,0.66725398339944,0.0690000000000008
"Enron emails (core-100)","MNAR_degree",0.5,5,"MPLE",0.729814744705633,0.672096349440213,0.0780000000000012
"Enron emails (core-100)","MNAR_degree",0.5,6,"MPLE",0.755405770139969,0.710695225675542,0.0749999999999993
"Enron emails (core-100)","MNAR_degree",0.5,7,"MPLE",0.730657966955832,0.677916049947545,0.0739999999999998
"Enron emails (core-100)","MNAR_degree",0.5,8,"MPLE",0.730595472503347,0.674465336961126,0.0719999999999992
"Enron emails (core-100)","MNAR_degree",0.5,9,"MPLE",0.741542870288688,0.678477286676545,0.077
"Enron emails (core-100)","MNAR_degree",0.5,10,"MPLE",0.732484797545145,0.669619080478273,0.0750000000000028
"EU-core emails (SNAP)","MCAR",0.1,1,"MPLE",0.632586733495184,0.574943188585895,0.110999999999997
"EU-core emails (SNAP)","MCAR",0.1,2,"MPLE",0.576376380296029,0.512333197546194,0.106000000000002
"EU-core emails (SNAP)","MCAR",0.1,3,"MPLE",0.577276998981909,0.514277167376787,0.105
"EU-core emails (SNAP)","MCAR",0.1,4,"MPLE",0.481850575612812,0.45755130130035,0.117999999999999
"EU-core emails (SNAP)","MCAR",0.1,5,"MPLE",0.449917769598246,0.45720558466601,0.126000000000001
"EU-core emails (SNAP)","MCAR",0.1,6,"MPLE",0.504463936095231,0.495280547385689,0.126000000000001
"EU-core emails (SNAP)","MCAR",0.1,7,"MPLE",0.590610071266348,0.54287271031305,0.112000000000002
"EU-core emails (SNAP)","MCAR",0.1,8,"MPLE",0.619292818544913,0.552233798297724,0.108000000000001
"EU-core emails (SNAP)","MCAR",0.1,9,"MPLE",0.627692066724097,0.578771794447151,0.114999999999998
"EU-core emails (SNAP)","MCAR",0.1,10,"MPLE",0.605431122249197,0.533321078187012,0.115000000000002
"EU-core emails (SNAP)","MCAR",0.3,1,"MPLE",0.479653979238754,0.468860496035608,0.0999999999999979
"EU-core emails (SNAP)","MCAR",0.3,2,"MPLE",0.541132136678201,0.49005498530529,0.0990000000000002
"EU-core emails (SNAP)","MCAR",0.3,3,"MPLE",0.5375,0.483837122408951,0.102
"EU-core emails (SNAP)","MCAR",0.3,4,"MPLE",0.492239403114187,0.467441257276597,0.151
"EU-core emails (SNAP)","MCAR",0.3,5,"MPLE",0.564000865051903,0.503359168490022,0.106000000000002
"EU-core emails (SNAP)","MCAR",0.3,6,"MPLE",0.579206314878893,0.517210155980506,0.105
"EU-core emails (SNAP)","MCAR",0.3,7,"MPLE",0.55238321799308,0.496105375401775,0.105
"EU-core emails (SNAP)","MCAR",0.3,8,"MPLE",0.500749351211073,0.477200499514171,0.121000000000002
"EU-core emails (SNAP)","MCAR",0.3,9,"MPLE",0.510155709342561,0.473123083484427,0.0949999999999989
"EU-core emails (SNAP)","MCAR",0.3,10,"MPLE",0.49711937716263,0.47294307683917,0.106000000000002
"EU-core emails (SNAP)","MCAR",0.5,1,"MPLE",0.560533952950179,0.524613260471316,0.0899999999999999
"EU-core emails (SNAP)","MCAR",0.5,2,"MPLE",0.525893965267863,0.477663643237156,0.083000000000002
"EU-core emails (SNAP)","MCAR",0.5,3,"MPLE",0.58134259648075,0.534695847731367,0.0859999999999985
"EU-core emails (SNAP)","MCAR",0.5,4,"MPLE",0.553471502913008,0.508275885855566,0.0919999999999987
"EU-core emails (SNAP)","MCAR",0.5,5,"MPLE",0.559086002942558,0.507215721255683,0.0899999999999999
"EU-core emails (SNAP)","MCAR",0.5,6,"MPLE",0.561829098351732,0.519752593667561,0.0910000000000011
"EU-core emails (SNAP)","MCAR",0.5,7,"MPLE",0.545977856163041,0.498681484377132,0.088000000000001
"EU-core emails (SNAP)","MCAR",0.5,8,"MPLE",0.519982798789383,0.476636539111855,0.108000000000001
"EU-core emails (SNAP)","MCAR",0.5,9,"MPLE",0.568766738519825,0.521053108924197,0.0970000000000013
"EU-core emails (SNAP)","MCAR",0.5,10,"MPLE",0.534445579786556,0.497749685747289,0.0910000000000011
"EU-core emails (SNAP)","MNAR_degree",0.1,1,"MPLE",0.62671313336988,0.557482258334042,0.111999999999998
"EU-core emails (SNAP)","MNAR_degree",0.1,2,"MPLE",0.607565196961391,0.554195467348558,0.119
"EU-core emails (SNAP)","MNAR_degree",0.1,3,"MPLE",0.626615240034458,0.541863432438609,0.122
"EU-core emails (SNAP)","MNAR_degree",0.1,4,"MPLE",0.593566449996084,0.52789696302139,0.116
"EU-core emails (SNAP)","MNAR_degree",0.1,5,"MPLE",0.608524551648524,0.535268719974121,0.115000000000002
"EU-core emails (SNAP)","MNAR_degree",0.1,6,"MPLE",0.615533714464719,0.545925291577286,0.119
"EU-core emails (SNAP)","MNAR_degree",0.1,7,"MPLE",0.605901010259222,0.535043416986977,0.126999999999999
"EU-core emails (SNAP)","MNAR_degree",0.1,8,"MPLE",0.601065079489388,0.529684906261305,0.130000000000003
"EU-core emails (SNAP)","MNAR_degree",0.1,9,"MPLE",0.580448743049573,0.520701001653809,0.120999999999999
"EU-core emails (SNAP)","MNAR_degree",0.1,10,"MPLE",0.587888636541624,0.519748541402248,0.135999999999999
"EU-core emails (SNAP)","MNAR_degree",0.3,1,"MPLE",0.588393166089965,0.519890870011944,0.103999999999999
"EU-core emails (SNAP)","MNAR_degree",0.3,2,"MPLE",0.581386245674741,0.518099920008939,0.0999999999999979
"EU-core emails (SNAP)","MNAR_degree",0.3,3,"MPLE",0.650237889273356,0.588619826035162,0.103999999999999
"EU-core emails (SNAP)","MNAR_degree",0.3,4,"MPLE",0.5961526816609,0.523055718318335,0.103000000000002
"EU-core emails (SNAP)","MNAR_degree",0.3,5,"MPLE",0.568367214532872,0.506773308742065,0.102999999999998
"EU-core emails (SNAP)","MNAR_degree",0.3,6,"MPLE",0.576189446366782,0.511811178775122,0.104000000000003
"EU-core emails (SNAP)","MNAR_degree",0.3,7,"MPLE",0.596141868512111,0.531980954705717,0.103000000000002
"EU-core emails (SNAP)","MNAR_degree",0.3,8,"MPLE",0.578116349480969,0.518924609574438,0.102
"EU-core emails (SNAP)","MNAR_degree",0.3,9,"MPLE",0.449026816608997,0.444570172528991,0.0990000000000002
"EU-core emails (SNAP)","MNAR_degree",0.3,10,"MPLE",0.462824394463668,0.449409647065487,0.125
"EU-core emails (SNAP)","MNAR_degree",0.5,1,"MPLE",0.548220934464321,0.515236288569475,0.0920000000000023
"EU-core emails (SNAP)","MNAR_degree",0.5,2,"MPLE",0.537869491646682,0.498072316815862,0.0869999999999997
"EU-core emails (SNAP)","MNAR_degree",0.5,3,"MPLE",0.525671173819322,0.484764590563239,0.093
"EU-core emails (SNAP)","MNAR_degree",0.5,4,"MPLE",0.540293369291018,0.505017078667917,0.0980000000000025
"EU-core emails (SNAP)","MNAR_degree",0.5,5,"MPLE",0.568097586542619,0.51513350654399,0.0950000000000024
"EU-core emails (SNAP)","MNAR_degree",0.5,6,"MPLE",0.524912983025858,0.497897090755635,0.0850000000000009
"EU-core emails (SNAP)","MNAR_degree",0.5,7,"MPLE",0.5979889669631,0.549514727919243,0.0890000000000022
"EU-core emails (SNAP)","MNAR_degree",0.5,8,"MPLE",0.531385988323084,0.494318650489613,0.0889999999999986
"EU-core emails (SNAP)","MNAR_degree",0.5,9,"MPLE",0.541453206797122,0.489820258231363,0.093
"EU-core emails (SNAP)","MNAR_degree",0.5,10,"MPLE",0.553228881859099,0.512851470839714,0.0969999999999978
"uni_email (URV)","MCAR",0.1,1,"MPLE",0.756286982248521,0.718305575951622,0.0659999999999989
"uni_email (URV)","MCAR",0.1,2,"MPLE",0.762573964497041,0.699952896197855,0.0629999999999988
"uni_email (URV)","MCAR",0.1,3,"MPLE",0.81508875739645,0.77331908267799,0.0670000000000002
"uni_email (URV)","MCAR",0.1,4,"MPLE",0.686390532544379,0.666306077552596,0.0700000000000003
"uni_email (URV)","MCAR",0.1,5,"MPLE",0.75887573964497,0.737205415480133,0.0650000000000013
"uni_email (URV)","MCAR",0.1,6,"MPLE",0.756841715976331,0.714736704032208,0.0670000000000002
"uni_email (URV)","MCAR",0.1,7,"MPLE",0.827662721893491,0.826678614104327,0.0700000000000003
"uni_email (URV)","MCAR",0.1,8,"MPLE",0.74167899408284,0.704664307871504,0.0640000000000001
"uni_email (URV)","MCAR",0.1,9,"MPLE",0.708394970414201,0.706074408356003,0.0640000000000001
"uni_email (URV)","MCAR",0.1,10,"MPLE",0.785687869822485,0.761396691232267,0.0620000000000012
"uni_email (URV)","MCAR",0.3,1,"MPLE",0.721458900817177,0.689495289930521,0.0599999999999987
"uni_email (URV)","MCAR",0.3,2,"MPLE",0.760054478448967,0.740070148909384,0.0599999999999987
"uni_email (URV)","MCAR",0.3,3,"MPLE",0.778300753084442,0.775965939258017,0.0609999999999999
"uni_email (URV)","MCAR",0.3,4,"MPLE",0.698605992629386,0.700943395366748,0.0600000000000023
"uni_email (URV)","MCAR",0.3,5,"MPLE",0.715750680980612,0.701840771322995,0.0549999999999997
"uni_email (URV)","MCAR",0.3,6,"MPLE",0.754867008492229,0.747728736264846,0.054000000000002
"uni_email (URV)","MCAR",0.3,7,"MPLE",0.77107034129146,0.754089710738426,0.0530000000000008
"uni_email (URV)","MCAR",0.3,8,"MPLE",0.760815574427175,0.725003970888417,0.0479999999999983
"uni_email (URV)","MCAR",0.3,9,"MPLE",0.696923569940715,0.682924191544764,0.054000000000002
"uni_email (URV)","MCAR",0.3,10,"MPLE",0.718935266784169,0.691291250093501,0.0530000000000008
"uni_email (URV)","MCAR",0.5,1,"MPLE",0.711339244719926,0.736275074858505,0.0489999999999995
"uni_email (URV)","MCAR",0.5,2,"MPLE",0.712300562442608,0.724853342736332,0.0530000000000008
"uni_email (URV)","MCAR",0.5,3,"MPLE",0.692880509641873,0.709610319774986,0.0499999999999972
"uni_email (URV)","MCAR",0.5,4,"MPLE",0.676502238292011,0.685857135082418,0.0479999999999983
"uni_email (URV)","MCAR",0.5,5,"MPLE",0.713699494949495,0.757003079652874,0.0549999999999997
"uni_email (URV)","MCAR",0.5,6,"MPLE",0.688073921028466,0.67824935332427,0.0500000000000007
"uni_email (URV)","MCAR",0.5,7,"MPLE",0.66721189164371,0.679298120434162,0.0489999999999995
"uni_email (URV)","MCAR",0.5,8,"MPLE",0.699344295224977,0.727526309115204,0.0500000000000007
"uni_email (URV)","MCAR",0.5,9,"MPLE",0.679608585858586,0.718055982561423,0.0499999999999972
"uni_email (URV)","MCAR",0.5,10,"MPLE",0.723255280073462,0.751207699854442,0.0479999999999983
"uni_email (URV)","MNAR_degree",0.1,1,"MPLE",0.804363905325444,0.79782523107789,0.0609999999999999
"uni_email (URV)","MNAR_degree",0.1,2,"MPLE",0.78957100591716,0.765143611853443,0.0560000000000009
"uni_email (URV)","MNAR_degree",0.1,3,"MPLE",0.749260355029586,0.695335346362987,0.0560000000000009
"uni_email (URV)","MNAR_degree",0.1,4,"MPLE",0.775147928994083,0.791972893645447,0.0629999999999988
"uni_email (URV)","MNAR_degree",0.1,5,"MPLE",0.82082100591716,0.817810206745617,0.0579999999999998
"uni_email (URV)","MNAR_degree",0.1,6,"MPLE",0.816937869822485,0.780519459038481,0.0609999999999999
"uni_email (URV)","MNAR_degree",0.1,7,"MPLE",0.760909763313609,0.755750710039422,0.0590000000000011
"uni_email (URV)","MNAR_degree",0.1,8,"MPLE",0.866309171597633,0.83145110484013,0.0570000000000022
"uni_email (URV)","MNAR_degree",0.1,9,"MPLE",0.779031065088757,0.769041112661474,0.0640000000000001
"uni_email (URV)","MNAR_degree",0.1,10,"MPLE",0.828957100591716,0.819484296255289,0.0590000000000011
"uni_email (URV)","MNAR_degree",0.3,1,"MPLE",0.754366287453934,0.769227055483553,0.0519999999999996
"uni_email (URV)","MNAR_degree",0.3,2,"MPLE",0.746354750841211,0.729786998805211,0.0579999999999998
"uni_email (URV)","MNAR_degree",0.3,3,"MPLE",0.729170004806922,0.677554811104445,0.0549999999999997
"uni_email (URV)","MNAR_degree",0.3,4,"MPLE",0.647812850504727,0.63167225747032,0.0529999999999973
"uni_email (URV)","MNAR_degree",0.3,5,"MPLE",0.722139881429258,0.712274520449656,0.0570000000000022
"uni_email (URV)","MNAR_degree",0.3,6,"MPLE",0.703553116487742,0.682506391267056,0.0470000000000006
"uni_email (URV)","MNAR_degree",0.3,7,"MPLE",0.725384553757411,0.703473467578429,0.0519999999999996
"uni_email (URV)","MNAR_degree",0.3,8,"MPLE",0.76385995834001,0.77383577502071,0.0549999999999997
"uni_email (URV)","MNAR_degree",0.3,9,"MPLE",0.799991988463387,0.795977879209994,0.0530000000000008
"uni_email (URV)","MNAR_degree",0.3,10,"MPLE",0.748517865726646,0.748407405177531,0.0500000000000007
"uni_email (URV)","MNAR_degree",0.5,1,"MPLE",0.654427800734619,0.689572032459122,0.0489999999999995
"uni_email (URV)","MNAR_degree",0.5,2,"MPLE",0.668044077134986,0.672689813351336,0.0500000000000007
"uni_email (URV)","MNAR_degree",0.5,3,"MPLE",0.683296028466483,0.69274228622588,0.0519999999999996
"uni_email (URV)","MNAR_degree",0.5,4,"MPLE",0.652376033057851,0.711035928009662,0.0479999999999983
"uni_email (URV)","MNAR_degree",0.5,5,"MPLE",0.718642389807163,0.738355956158734,0.049000000000003
"uni_email (URV)","MNAR_degree",0.5,6,"MPLE",0.694164657943067,0.725553155258618,0.0519999999999996
"uni_email (URV)","MNAR_degree",0.5,7,"MPLE",0.64683769513315,0.661703504358036,0.046999999999997
"uni_email (URV)","MNAR_degree",0.5,8,"MPLE",0.665482954545455,0.658221471674334,0.0500000000000007
"uni_email (URV)","MNAR_degree",0.5,9,"MPLE",0.683604511019284,0.714407988794039,0.054000000000002
"uni_email (URV)","MNAR_degree",0.5,10,"MPLE",0.654176710284665,0.662787635392247,0.0480000000000018
"Christmas Eve Bombings 2000 (proxy)","MCAR",0.1,1,"MPLE",0,0.5,0.041999999999998
"Christmas Eve Bombings 2000 (proxy)","MCAR",0.1,2,"MPLE",1,1,0.0449999999999982
"Christmas Eve Bombings 2000 (proxy)","MCAR",0.1,3,"MPLE",1,1,0.0440000000000005
"Christmas Eve Bombings 2000 (proxy)","MCAR",0.1,4,"MPLE",1,1,0.0429999999999993
"Christmas Eve Bombings 2000 (proxy)","MCAR",0.1,5,"MPLE",1,1,0.0450000000000017
"Christmas Eve Bombings 2000 (proxy)","MCAR",0.1,6,"MPLE",1,1,0.0420000000000016
"Christmas Eve Bombings 2000 (proxy)","MCAR",0.1,7,"MPLE",1,1,0.0400000000000027
"Christmas Eve Bombings 2000 (proxy)","MCAR",0.1,8,"MPLE",0,0.5,0.041999999999998
"Christmas Eve Bombings 2000 (proxy)","MCAR",0.1,9,"MPLE",0,0.5,0.0440000000000005
"Christmas Eve Bombings 2000 (proxy)","MCAR",0.1,10,"MPLE",1,1,0.0390000000000015
"Christmas Eve Bombings 2000 (proxy)","MCAR",0.3,1,"MPLE",0.65625,0.645833333333333,0.0420000000000016
"Christmas Eve Bombings 2000 (proxy)","MCAR",0.3,2,"MPLE",0.65625,0.645833333333333,0.0440000000000005
"Christmas Eve Bombings 2000 (proxy)","MCAR",0.3,3,"MPLE",0.40625,0.617857142857143,0.0429999999999993
"Christmas Eve Bombings 2000 (proxy)","MCAR",0.3,4,"MPLE",0.5625,0.775,0.0429999999999993
"Christmas Eve Bombings 2000 (proxy)","MCAR",0.3,5,"MPLE",0.59375,0.62202380952381,0.0460000000000029
"Christmas Eve Bombings 2000 (proxy)","MCAR",0.3,6,"MPLE",1,1,0.0470000000000006
"Christmas Eve Bombings 2000 (proxy)","MCAR",0.3,7,"MPLE",0.90625,0.95,0.0479999999999983
"Christmas Eve Bombings 2000 (proxy)","MCAR",0.3,8,"MPLE",0.71875,0.830357142857143,0.0480000000000018
"Christmas Eve Bombings 2000 (proxy)","MCAR",0.3,9,"MPLE",0.5,0.65,0.0519999999999996
"Christmas Eve Bombings 2000 (proxy)","MCAR",0.3,10,"MPLE",0.75,0.816666666666667,0.0559999999999974
"Christmas Eve Bombings 2000 (proxy)","MCAR",0.5,1,"MPLE",0.5703125,0.681628787878788,0.0470000000000041
"Christmas Eve Bombings 2000 (proxy)","MCAR",0.5,2,"MPLE",0.7890625,0.897159090909091,0.046999999999997
"Christmas Eve Bombings 2000 (proxy)","MCAR",0.5,3,"MPLE",0.8203125,0.906795634920635,0.0450000000000017
"Christmas Eve Bombings 2000 (proxy)","MCAR",0.5,4,"MPLE",0.65625,0.714664502164502,0.0439999999999969
"Christmas Eve Bombings 2000 (proxy)","MCAR",0.5,5,"MPLE",0.3125,0.543704212454212,0.0460000000000065
"Christmas Eve Bombings 2000 (proxy)","MCAR",0.5,6,"MPLE",0.140625,0.395398351648352,0.0549999999999997
"Christmas Eve Bombings 2000 (proxy)","MCAR",0.5,7,"MPLE",0.5703125,0.641599025974026,0.0420000000000016
"Christmas Eve Bombings 2000 (proxy)","MCAR",0.5,8,"MPLE",0.7890625,0.841357600732601,0.0429999999999993
"Christmas Eve Bombings 2000 (proxy)","MCAR",0.5,9,"MPLE",0.5234375,0.715846653346653,0.0450000000000017
"Christmas Eve Bombings 2000 (proxy)","MCAR",0.5,10,"MPLE",0.46875,0.686634199134199,0.0420000000000016
"Christmas Eve Bombings 2000 (proxy)","MNAR_degree",0.1,1,"MPLE",0,0.5,0.0420000000000016
"Christmas Eve Bombings 2000 (proxy)","MNAR_degree",0.1,2,"MPLE",0,0.5,0.0530000000000044
"Christmas Eve Bombings 2000 (proxy)","MNAR_degree",0.1,3,"MPLE",1,1,0.0419999999999945
"Christmas Eve Bombings 2000 (proxy)","MNAR_degree",0.1,4,"MPLE",1,1,0.0439999999999969
"Christmas Eve Bombings 2000 (proxy)","MNAR_degree",0.1,5,"MPLE",1,1,0.0430000000000064
"Christmas Eve Bombings 2000 (proxy)","MNAR_degree",0.1,6,"MPLE",1,1,0.0429999999999993
"Christmas Eve Bombings 2000 (proxy)","MNAR_degree",0.1,7,"MPLE",0,0.5,0.0420000000000016
"Christmas Eve Bombings 2000 (proxy)","MNAR_degree",0.1,8,"MPLE",1,1,0.0429999999999993
"Christmas Eve Bombings 2000 (proxy)","MNAR_degree",0.1,9,"MPLE",1,1,0.0459999999999994
"Christmas Eve Bombings 2000 (proxy)","MNAR_degree",0.1,10,"MPLE",1,1,0.044000000000004
"Christmas Eve Bombings 2000 (proxy)","MNAR_degree",0.3,1,"MPLE",0.8125,0.804166666666667,0.0420000000000016
"Christmas Eve Bombings 2000 (proxy)","MNAR_degree",0.3,2,"MPLE",0.8125,0.892857142857143,0.0420000000000016
"Christmas Eve Bombings 2000 (proxy)","MNAR_degree",0.3,3,"MPLE",0.40625,0.625,0.044000000000004
"Christmas Eve Bombings 2000 (proxy)","MNAR_degree",0.3,4,"MPLE",0.625,0.645833333333333,0.0419999999999945
"Christmas Eve Bombings 2000 (proxy)","MNAR_degree",0.3,5,"MPLE",0.75,0.679166666666667,0.0429999999999993
"Christmas Eve Bombings 2000 (proxy)","MNAR_degree",0.3,6,"MPLE",0.59375,0.792857142857143,0.0450000000000017
"Christmas Eve Bombings 2000 (proxy)","MNAR_degree",0.3,7,"MPLE",0.6875,0.733333333333333,0.0429999999999993
"Christmas Eve Bombings 2000 (proxy)","MNAR_degree",0.3,8,"MPLE",1,1,0.0420000000000016
"Christmas Eve Bombings 2000 (proxy)","MNAR_degree",0.3,9,"MPLE",0.8125,0.804166666666667,0.0429999999999993
"Christmas Eve Bombings 2000 (proxy)","MNAR_degree",0.3,10,"MPLE",0.6875,0.770833333333333,0.0430000000000064
"Christmas Eve Bombings 2000 (proxy)","MNAR_degree",0.5,1,"MPLE",0.46875,0.630952380952381,0.0420000000000016
"Christmas Eve Bombings 2000 (proxy)","MNAR_degree",0.5,2,"MPLE",0.5078125,0.537053571428571,0.0429999999999993
"Christmas Eve Bombings 2000 (proxy)","MNAR_degree",0.5,3,"MPLE",0.4609375,0.652651515151515,0.0459999999999994
"Christmas Eve Bombings 2000 (proxy)","MNAR_degree",0.5,4,"MPLE",0.3515625,0.53349358974359,0.0420000000000016
"Christmas Eve Bombings 2000 (proxy)","MNAR_degree",0.5,5,"MPLE",0.3125,0.467582070707071,0.0420000000000016
"Christmas Eve Bombings 2000 (proxy)","MNAR_degree",0.5,6,"MPLE",0.53125,0.647646103896104,0.0420000000000016
"Christmas Eve Bombings 2000 (proxy)","MNAR_degree",0.5,7,"MPLE",0.734375,0.882638888888889,0.0429999999999993
"Christmas Eve Bombings 2000 (proxy)","MNAR_degree",0.5,8,"MPLE",0.5078125,0.780521561771562,0.0420000000000016
"Christmas Eve Bombings 2000 (proxy)","MNAR_degree",0.5,9,"MPLE",0.3671875,0.538515304140304,0.0429999999999993
"Christmas Eve Bombings 2000 (proxy)","MNAR_degree",0.5,10,"MPLE",0.2890625,0.446401515151515,0.0450000000000017
"Bali Bombing 2002 (proxy)","MCAR",0.1,1,"MPLE",1,1,0.0429999999999993
"Bali Bombing 2002 (proxy)","MCAR",0.1,2,"MPLE",1,1,0.0409999999999968
"Bali Bombing 2002 (proxy)","MCAR",0.1,3,"MPLE",0.75,0.833333333333333,0.0420000000000016
"Bali Bombing 2002 (proxy)","MCAR",0.1,4,"MPLE",1,1,0.0429999999999993
"Bali Bombing 2002 (proxy)","MCAR",0.1,5,"MPLE",1,1,0.0420000000000016
"Bali Bombing 2002 (proxy)","MCAR",0.1,6,"MPLE",1,1,0.0420000000000016
"Bali Bombing 2002 (proxy)","MCAR",0.1,7,"MPLE",1,1,0.0450000000000017
"Bali Bombing 2002 (proxy)","MCAR",0.1,8,"MPLE",0.75,0.833333333333333,0.0429999999999993
"Bali Bombing 2002 (proxy)","MCAR",0.1,9,"MPLE",1,1,0.0420000000000016
"Bali Bombing 2002 (proxy)","MCAR",0.1,10,"MPLE",1,1,0.0429999999999993
"Bali Bombing 2002 (proxy)","MCAR",0.3,1,"MPLE",0.989795918367347,1,0.0429999999999993
"Bali Bombing 2002 (proxy)","MCAR",0.3,2,"MPLE",0.979591836734694,0.982142857142857,0.0420000000000016
"Bali Bombing 2002 (proxy)","MCAR",0.3,3,"MPLE",0.785714285714286,0.90952380952381,0.0420000000000016
"Bali Bombing 2002 (proxy)","MCAR",0.3,4,"MPLE",1,1,0.0470000000000041
"Bali Bombing 2002 (proxy)","MCAR",0.3,5,"MPLE",0.846938775510204,0.754591836734694,0.0419999999999945
"Bali Bombing 2002 (proxy)","MCAR",0.3,6,"MPLE",0.836734693877551,0.833333333333333,0.0419999999999945
"Bali Bombing 2002 (proxy)","MCAR",0.3,7,"MPLE",0.969387755102041,1,0.0430000000000064
"Bali Bombing 2002 (proxy)","MCAR",0.3,8,"MPLE",0.857142857142857,0.913657770800628,0.044000000000004
"Bali Bombing 2002 (proxy)","MCAR",0.3,9,"MPLE",0.959183673469388,0.968253968253968,0.0419999999999945
"Bali Bombing 2002 (proxy)","MCAR",0.3,10,"MPLE",0.948979591836735,0.968253968253968,0.0420000000000016
"Bali Bombing 2002 (proxy)","MCAR",0.5,1,"MPLE",0.78125,0.852255103570893,0.0459999999999994
"Bali Bombing 2002 (proxy)","MCAR",0.5,2,"MPLE",0.763888888888889,0.798671236171236,0.0439999999999969
"Bali Bombing 2002 (proxy)","MCAR",0.5,3,"MPLE",0.225694444444444,0.522826371031042,0.0419999999999945
"Bali Bombing 2002 (proxy)","MCAR",0.5,4,"MPLE",0.777777777777778,0.735377585377585,0.0430000000000064
"Bali Bombing 2002 (proxy)","MCAR",0.5,5,"MPLE",0.795138888888889,0.83668779477603,0.0429999999999993
"Bali Bombing 2002 (proxy)","MCAR",0.5,6,"MPLE",0.704861111111111,0.760548941798942,0.0409999999999968
"Bali Bombing 2002 (proxy)","MCAR",0.5,7,"MPLE",0.260416666666667,0.546825554037578,0.0429999999999993
"Bali Bombing 2002 (proxy)","MCAR",0.5,8,"MPLE",0.704861111111111,0.758341658341658,0.0480000000000018
"Bali Bombing 2002 (proxy)","MCAR",0.5,9,"MPLE",0.840277777777778,0.94281045751634,0.0420000000000016
"Bali Bombing 2002 (proxy)","MCAR",0.5,10,"MPLE",0.868055555555556,0.898343554593555,0.0420000000000016
"Bali Bombing 2002 (proxy)","MNAR_degree",0.1,1,"MPLE",0.5,0.583333333333333,0.046999999999997
"Bali Bombing 2002 (proxy)","MNAR_degree",0.1,2,"MPLE",1,1,0.0439999999999969
"Bali Bombing 2002 (proxy)","MNAR_degree",0.1,3,"MPLE",1,1,0.0420000000000016
"Bali Bombing 2002 (proxy)","MNAR_degree",0.1,4,"MPLE",0.5,0.583333333333333,0.0439999999999969
"Bali Bombing 2002 (proxy)","MNAR_degree",0.1,5,"MPLE",1,1,0.0510000000000019
"Bali Bombing 2002 (proxy)","MNAR_degree",0.1,6,"MPLE",0.5,0.583333333333333,0.0470000000000041
"Bali Bombing 2002 (proxy)","MNAR_degree",0.1,7,"MPLE",1,1,0.171999999999997
"Bali Bombing 2002 (proxy)","MNAR_degree",0.1,8,"MPLE",1,1,0.0510000000000019
"Bali Bombing 2002 (proxy)","MNAR_degree",0.1,9,"MPLE",1,1,0.0439999999999969
"Bali Bombing 2002 (proxy)","MNAR_degree",0.1,10,"MPLE",0.75,0.833333333333333,0.0460000000000065
"Bali Bombing 2002 (proxy)","MNAR_degree",0.3,1,"MPLE",0.663265306122449,0.740136054421769,0.0479999999999947
"Bali Bombing 2002 (proxy)","MNAR_degree",0.3,2,"MPLE",0.877551020408163,0.927643784786642,0.0489999999999995
"Bali Bombing 2002 (proxy)","MNAR_degree",0.3,3,"MPLE",1,1,0.0470000000000041
"Bali Bombing 2002 (proxy)","MNAR_degree",0.3,4,"MPLE",0.86734693877551,0.826020408163265,0.0480000000000018
"Bali Bombing 2002 (proxy)","MNAR_degree",0.3,5,"MPLE",0.836734693877551,0.890909090909091,0.0679999999999978
"Bali Bombing 2002 (proxy)","MNAR_degree",0.3,6,"MPLE",1,1,0.0450000000000017
"Bali Bombing 2002 (proxy)","MNAR_degree",0.3,7,"MPLE",0.897959183673469,0.873639455782313,0.046999999999997
"Bali Bombing 2002 (proxy)","MNAR_degree",0.3,8,"MPLE",0.714285714285714,0.620294784580499,0.0459999999999994
"Bali Bombing 2002 (proxy)","MNAR_degree",0.3,9,"MPLE",0.948979591836735,0.968253968253968,0.0439999999999969
"Bali Bombing 2002 (proxy)","MNAR_degree",0.3,10,"MPLE",1,1,0.0430000000000064
"Bali Bombing 2002 (proxy)","MNAR_degree",0.5,1,"MPLE",0.701388888888889,0.774522577812052,0.0470000000000041
"Bali Bombing 2002 (proxy)","MNAR_degree",0.5,2,"MPLE",0.708333333333333,0.762384633340516,0.0499999999999972
"Bali Bombing 2002 (proxy)","MNAR_degree",0.5,3,"MPLE",0.659722222222222,0.681194295900178,0.0450000000000017
"Bali Bombing 2002 (proxy)","MNAR_degree",0.5,4,"MPLE",0.263888888888889,0.489222313419295,0.0470000000000041
"Bali Bombing 2002 (proxy)","MNAR_degree",0.5,5,"MPLE",0.802083333333333,0.89104388831556,0.046999999999997
"Bali Bombing 2002 (proxy)","MNAR_degree",0.5,6,"MPLE",0.694444444444444,0.809135309135309,0.0459999999999994
"Bali Bombing 2002 (proxy)","MNAR_degree",0.5,7,"MPLE",0.135416666666667,0.426794624999296,0.0470000000000041
"Bali Bombing 2002 (proxy)","MNAR_degree",0.5,8,"MPLE",0.774305555555556,0.778885582010582,0.0450000000000017
"Bali Bombing 2002 (proxy)","MNAR_degree",0.5,9,"MPLE",0.881944444444444,0.879942511192511,0.0460000000000065
"Bali Bombing 2002 (proxy)","MNAR_degree",0.5,10,"MPLE",0.815972222222222,0.865622979961215,0.0429999999999993
"Australian Embassy Bombing 2004 (proxy)","MCAR",0.1,1,"MPLE",1,1,0.0429999999999993
"Australian Embassy Bombing 2004 (proxy)","MCAR",0.1,2,"MPLE",1,1,0.0420000000000016
"Australian Embassy Bombing 2004 (proxy)","MCAR",0.1,3,"MPLE",1,1,0.044000000000004
"Australian Embassy Bombing 2004 (proxy)","MCAR",0.1,4,"MPLE",1,1,0.0420000000000016
"Australian Embassy Bombing 2004 (proxy)","MCAR",0.1,5,"MPLE",1,1,0.0420000000000016
"Australian Embassy Bombing 2004 (proxy)","MCAR",0.1,6,"MPLE",1,1,0.046999999999997
"Australian Embassy Bombing 2004 (proxy)","MCAR",0.1,7,"MPLE",1,1,0.044000000000004
"Australian Embassy Bombing 2004 (proxy)","MCAR",0.1,8,"MPLE",1,1,0.0419999999999945
"Australian Embassy Bombing 2004 (proxy)","MCAR",0.1,9,"MPLE",1,1,0.0409999999999968
"Australian Embassy Bombing 2004 (proxy)","MCAR",0.1,10,"MPLE",1,1,0.0439999999999969
"Australian Embassy Bombing 2004 (proxy)","MCAR",0.3,1,"MPLE",1,1,0.0429999999999993
"Australian Embassy Bombing 2004 (proxy)","MCAR",0.3,2,"MPLE",1,1,0.044000000000004
"Australian Embassy Bombing 2004 (proxy)","MCAR",0.3,3,"MPLE",0.75,0.679166666666667,0.0489999999999995
"Australian Embassy Bombing 2004 (proxy)","MCAR",0.3,4,"MPLE",0.78125,0.854166666666667,0.0459999999999994
"Australian Embassy Bombing 2004 (proxy)","MCAR",0.3,5,"MPLE",0.75,0.679166666666667,0.0450000000000017
"Australian Embassy Bombing 2004 (proxy)","MCAR",0.3,6,"MPLE",0.8125,0.8875,0.0470000000000041
"Australian Embassy Bombing 2004 (proxy)","MCAR",0.3,7,"MPLE",1,1,0.0449999999999946
"Australian Embassy Bombing 2004 (proxy)","MCAR",0.3,8,"MPLE",0.875,0.916666666666667,0.0450000000000017
"Australian Embassy Bombing 2004 (proxy)","MCAR",0.3,9,"MPLE",0.75,0.679166666666667,0.0470000000000041
"Australian Embassy Bombing 2004 (proxy)","MCAR",0.3,10,"MPLE",0.875,0.8875,0.0520000000000067
"Australian Embassy Bombing 2004 (proxy)","MCAR",0.5,1,"MPLE",0.989795918367347,1,0.046999999999997
"Australian Embassy Bombing 2004 (proxy)","MCAR",0.5,2,"MPLE",0.86734693877551,0.89172335600907,0.0450000000000017
"Australian Embassy Bombing 2004 (proxy)","MCAR",0.5,3,"MPLE",0.887755102040816,0.873639455782313,0.0450000000000017
"Australian Embassy Bombing 2004 (proxy)","MCAR",0.5,4,"MPLE",0.76530612244898,0.708390022675737,0.0439999999999969
"Australian Embassy Bombing 2004 (proxy)","MCAR",0.5,5,"MPLE",0.591836734693878,0.748840445269017,0.044000000000004
"Australian Embassy Bombing 2004 (proxy)","MCAR",0.5,6,"MPLE",0.571428571428571,0.698845598845599,0.0420000000000016
"Australian Embassy Bombing 2004 (proxy)","MCAR",0.5,7,"MPLE",0.826530612244898,0.740702947845805,0.0459999999999994
"Australian Embassy Bombing 2004 (proxy)","MCAR",0.5,8,"MPLE",0.795918367346939,0.844104308390023,0.0450000000000017
"Australian Embassy Bombing 2004 (proxy)","MCAR",0.5,9,"MPLE",0.938775510204082,0.961734693877551,0.0459999999999994
"Australian Embassy Bombing 2004 (proxy)","MCAR",0.5,10,"MPLE",0.571428571428571,0.530442176870748,0.0500000000000043
"Australian Embassy Bombing 2004 (proxy)","MNAR_degree",0.1,1,"MPLE",1,1,0.0449999999999946
"Australian Embassy Bombing 2004 (proxy)","MNAR_degree",0.1,2,"MPLE",0.5,1,0.0450000000000017
"Australian Embassy Bombing 2004 (proxy)","MNAR_degree",0.1,3,"MPLE",1,1,0.0620000000000047
"Australian Embassy Bombing 2004 (proxy)","MNAR_degree",0.1,4,"MPLE",1,1,0.0529999999999973
"Australian Embassy Bombing 2004 (proxy)","MNAR_degree",0.1,5,"MPLE",0,0.5,0.0459999999999994
"Australian Embassy Bombing 2004 (proxy)","MNAR_degree",0.1,6,"MPLE",1,1,0.0459999999999994
"Australian Embassy Bombing 2004 (proxy)","MNAR_degree",0.1,7,"MPLE",1,1,0.0490000000000066
"Australian Embassy Bombing 2004 (proxy)","MNAR_degree",0.1,8,"MPLE",1,1,0.044000000000004
"Australian Embassy Bombing 2004 (proxy)","MNAR_degree",0.1,9,"MPLE",1,1,0.0419999999999945
"Australian Embassy Bombing 2004 (proxy)","MNAR_degree",0.1,10,"MPLE",0.5,1,0.044000000000004
"Australian Embassy Bombing 2004 (proxy)","MNAR_degree",0.3,1,"MPLE",0.375,0.525,0.0429999999999993
"Australian Embassy Bombing 2004 (proxy)","MNAR_degree",0.3,2,"MPLE",1,1,0.0439999999999969
"Australian Embassy Bombing 2004 (proxy)","MNAR_degree",0.3,3,"MPLE",1,1,0.0429999999999993
"Australian Embassy Bombing 2004 (proxy)","MNAR_degree",0.3,4,"MPLE",0.875,0.8875,0.0459999999999994
"Australian Embassy Bombing 2004 (proxy)","MNAR_degree",0.3,5,"MPLE",0.90625,0.95,0.0409999999999968
"Australian Embassy Bombing 2004 (proxy)","MNAR_degree",0.3,6,"MPLE",1,1,0.0399999999999991
"Australian Embassy Bombing 2004 (proxy)","MNAR_degree",0.3,7,"MPLE",1,1,0.0510000000000019
"Australian Embassy Bombing 2004 (proxy)","MNAR_degree",0.3,8,"MPLE",0.78125,0.854166666666667,0.0429999999999993
"Australian Embassy Bombing 2004 (proxy)","MNAR_degree",0.3,9,"MPLE",1,1,0.0399999999999991
"Australian Embassy Bombing 2004 (proxy)","MNAR_degree",0.3,10,"MPLE",0.4375,0.55952380952381,0.0400000000000063
"Australian Embassy Bombing 2004 (proxy)","MNAR_degree",0.5,1,"MPLE",0.448979591836735,0.603030303030303,0.0489999999999995
"Australian Embassy Bombing 2004 (proxy)","MNAR_degree",0.5,2,"MPLE",0.530612244897959,0.555988455988456,0.0450000000000017
"Australian Embassy Bombing 2004 (proxy)","MNAR_degree",0.5,3,"MPLE",0.653061224489796,0.804761904761905,0.0489999999999995
"Australian Embassy Bombing 2004 (proxy)","MNAR_degree",0.5,4,"MPLE",0.775510204081633,0.868707482993197,0.0479999999999947
"Australian Embassy Bombing 2004 (proxy)","MNAR_degree",0.5,5,"MPLE",0.489795918367347,0.681013431013431,0.0429999999999993
"Australian Embassy Bombing 2004 (proxy)","MNAR_degree",0.5,6,"MPLE",0.938775510204082,0.937925170068027,0.0450000000000017
"Australian Embassy Bombing 2004 (proxy)","MNAR_degree",0.5,7,"MPLE",0.714285714285714,0.685374149659864,0.0429999999999993
"Australian Embassy Bombing 2004 (proxy)","MNAR_degree",0.5,8,"MPLE",0.877551020408163,0.948051948051948,0.0519999999999996
"Australian Embassy Bombing 2004 (proxy)","MNAR_degree",0.5,9,"MPLE",0.510204081632653,0.656410256410256,0.044000000000004
"Australian Embassy Bombing 2004 (proxy)","MNAR_degree",0.5,10,"MPLE",0.959183673469388,1,0.0420000000000016
"Bali Bombing 2005 (proxy)","MCAR",0.1,1,"MPLE",1,1,0.0459999999999994
"Bali Bombing 2005 (proxy)","MCAR",0.1,2,"MPLE",1,1,0.0429999999999993
"Bali Bombing 2005 (proxy)","MCAR",0.1,3,"MPLE",1,1,0.0429999999999993
"Bali Bombing 2005 (proxy)","MCAR",0.1,4,"MPLE",1,1,0.0429999999999993
"Bali Bombing 2005 (proxy)","MCAR",0.1,5,"MPLE",1,1,0.0480000000000018
"Bali Bombing 2005 (proxy)","MCAR",0.1,6,"MPLE",1,1,0.0430000000000064
"Bali Bombing 2005 (proxy)","MCAR",0.1,7,"MPLE",1,1,0.0470000000000041
"Bali Bombing 2005 (proxy)","MCAR",0.1,8,"MPLE",1,1,0.0910000000000011
"Bali Bombing 2005 (proxy)","MCAR",0.1,9,"MPLE",1,1,0.046999999999997
"Bali Bombing 2005 (proxy)","MCAR",0.1,10,"MPLE",1,1,0.0529999999999973
"Bali Bombing 2005 (proxy)","MCAR",0.3,1,"MPLE",0.96875,1,0.054000000000002
"Bali Bombing 2005 (proxy)","MCAR",0.3,2,"MPLE",1,1,0.0529999999999973
"Bali Bombing 2005 (proxy)","MCAR",0.3,3,"MPLE",0.375,0.617857142857143,0.046999999999997
"Bali Bombing 2005 (proxy)","MCAR",0.3,4,"MPLE",1,1,0.0460000000000065
"Bali Bombing 2005 (proxy)","MCAR",0.3,5,"MPLE",0.8125,0.804166666666667,0.0519999999999996
"Bali Bombing 2005 (proxy)","MCAR",0.3,6,"MPLE",1,1,0.0570000000000022
"Bali Bombing 2005 (proxy)","MCAR",0.3,7,"MPLE",1,1,0.0450000000000017
"Bali Bombing 2005 (proxy)","MCAR",0.3,8,"MPLE",0.625,0.691666666666667,0.0479999999999947
"Bali Bombing 2005 (proxy)","MCAR",0.3,9,"MPLE",0.625,0.816666666666667,0.0510000000000019
"Bali Bombing 2005 (proxy)","MCAR",0.3,10,"MPLE",1,1,0.0459999999999994
"Bali Bombing 2005 (proxy)","MCAR",0.5,1,"MPLE",0.0612244897959184,0.359151959151959,0.0470000000000041
"Bali Bombing 2005 (proxy)","MCAR",0.5,2,"MPLE",0.561224489795918,0.768315018315018,0.046999999999997
"Bali Bombing 2005 (proxy)","MCAR",0.5,3,"MPLE",0.591836734693878,0.827380952380952,0.0429999999999993
"Bali Bombing 2005 (proxy)","MCAR",0.5,4,"MPLE",0.73469387755102,0.791666666666667,0.0429999999999993
"Bali Bombing 2005 (proxy)","MCAR",0.5,5,"MPLE",0.979591836734694,1,0.0429999999999993
"Bali Bombing 2005 (proxy)","MCAR",0.5,6,"MPLE",0.76530612244898,0.89172335600907,0.0490000000000066
"Bali Bombing 2005 (proxy)","MCAR",0.5,7,"MPLE",0.775510204081633,0.839285714285714,0.0429999999999993
"Bali Bombing 2005 (proxy)","MCAR",0.5,8,"MPLE",0.76530612244898,0.812337662337662,0.0419999999999945
"Bali Bombing 2005 (proxy)","MCAR",0.5,9,"MPLE",0,0.341294816294816,0.0480000000000018
"Bali Bombing 2005 (proxy)","MCAR",0.5,10,"MPLE",0.857142857142857,0.957142857142857,0.0439999999999969
"Bali Bombing 2005 (proxy)","MNAR_degree",0.1,1,"MPLE",0,0.5,0.0429999999999993
"Bali Bombing 2005 (proxy)","MNAR_degree",0.1,2,"MPLE",1,1,0.0430000000000064
"Bali Bombing 2005 (proxy)","MNAR_degree",0.1,3,"MPLE",0,0.5,0.0479999999999947
"Bali Bombing 2005 (proxy)","MNAR_degree",0.1,4,"MPLE",1,1,0.0420000000000016
"Bali Bombing 2005 (proxy)","MNAR_degree",0.1,5,"MPLE",0,0.5,0.0429999999999993
"Bali Bombing 2005 (proxy)","MNAR_degree",0.1,6,"MPLE",1,1,0.046999999999997
"Bali Bombing 2005 (proxy)","MNAR_degree",0.1,7,"MPLE",1,1,0.044000000000004
"Bali Bombing 2005 (proxy)","MNAR_degree",0.1,8,"MPLE",1,1,0.0429999999999993
"Bali Bombing 2005 (proxy)","MNAR_degree",0.1,9,"MPLE",0,0.5,0.0449999999999946
"Bali Bombing 2005 (proxy)","MNAR_degree",0.1,10,"MPLE",1,1,0.044000000000004
"Bali Bombing 2005 (proxy)","MNAR_degree",0.3,1,"MPLE",1,1,0.0420000000000016
"Bali Bombing 2005 (proxy)","MNAR_degree",0.3,2,"MPLE",0.9375,0.95,0.0429999999999993
"Bali Bombing 2005 (proxy)","MNAR_degree",0.3,3,"MPLE",0.875,0.8875,0.0480000000000018
"Bali Bombing 2005 (proxy)","MNAR_degree",0.3,4,"MPLE",0.9375,0.95,0.0419999999999945
"Bali Bombing 2005 (proxy)","MNAR_degree",0.3,5,"MPLE",1,1,0.0429999999999993
"Bali Bombing 2005 (proxy)","MNAR_degree",0.3,6,"MPLE",1,1,0.0420000000000016
"Bali Bombing 2005 (proxy)","MNAR_degree",0.3,7,"MPLE",0.8125,0.804166666666667,0.0429999999999993
"Bali Bombing 2005 (proxy)","MNAR_degree",0.3,8,"MPLE",0.75,0.679166666666667,0.0439999999999969
"Bali Bombing 2005 (proxy)","MNAR_degree",0.3,9,"MPLE",0.8125,0.8875,0.0420000000000016
"Bali Bombing 2005 (proxy)","MNAR_degree",0.3,10,"MPLE",1,1,0.0509999999999948
"Bali Bombing 2005 (proxy)","MNAR_degree",0.5,1,"MPLE",0.122448979591837,0.383250083250083,0.0470000000000041
"Bali Bombing 2005 (proxy)","MNAR_degree",0.5,2,"MPLE",0.908163265306122,0.937925170068027,0.046999999999997
"Bali Bombing 2005 (proxy)","MNAR_degree",0.5,3,"MPLE",0.479591836734694,0.669191919191919,0.0460000000000065
"Bali Bombing 2005 (proxy)","MNAR_degree",0.5,4,"MPLE",0.816326530612245,0.876623376623377,0.0470000000000041
"Bali Bombing 2005 (proxy)","MNAR_degree",0.5,5,"MPLE",0.714285714285714,0.831972789115646,0.0450000000000017
"Bali Bombing 2005 (proxy)","MNAR_degree",0.5,6,"MPLE",0.836734693877551,0.884353741496599,0.0459999999999994
"Bali Bombing 2005 (proxy)","MNAR_degree",0.5,7,"MPLE",0.775510204081633,0.760770975056689,0.054000000000002
"Bali Bombing 2005 (proxy)","MNAR_degree",0.5,8,"MPLE",0.877551020408163,0.89172335600907,0.0479999999999947
"Bali Bombing 2005 (proxy)","MNAR_degree",0.5,9,"MPLE",0.346938775510204,0.611568986568987,0.0459999999999994
"Bali Bombing 2005 (proxy)","MNAR_degree",0.5,10,"MPLE",0.826530612244898,0.880612244897959,0.046999999999997
"Hamburg Cell 9/11 2001 (proxy)","MCAR",0.1,1,"MPLE",1,1,0.0480000000000018
"Hamburg Cell 9/11 2001 (proxy)","MCAR",0.1,2,"MPLE",0,0.416666666666667,0.0420000000000016
"Hamburg Cell 9/11 2001 (proxy)","MCAR",0.1,3,"MPLE",1,1,0.0429999999999993
"Hamburg Cell 9/11 2001 (proxy)","MCAR",0.1,4,"MPLE",0.5,0.583333333333333,0.0429999999999993
"Hamburg Cell 9/11 2001 (proxy)","MCAR",0.1,5,"MPLE",1,1,0.0429999999999993
"Hamburg Cell 9/11 2001 (proxy)","MCAR",0.1,6,"MPLE",1,1,0.0429999999999993
"Hamburg Cell 9/11 2001 (proxy)","MCAR",0.1,7,"MPLE",1,1,0.0500000000000043
"Hamburg Cell 9/11 2001 (proxy)","MCAR",0.1,8,"MPLE",0.5,0.583333333333333,0.046999999999997
"Hamburg Cell 9/11 2001 (proxy)","MCAR",0.1,9,"MPLE",1,1,0.0450000000000017
"Hamburg Cell 9/11 2001 (proxy)","MCAR",0.1,10,"MPLE",0.25,0.5,0.0459999999999994
"Hamburg Cell 9/11 2001 (proxy)","MCAR",0.3,1,"MPLE",0.875,0.873412698412698,0.0450000000000017
"Hamburg Cell 9/11 2001 (proxy)","MCAR",0.3,2,"MPLE",1,1,0.044000000000004
"Hamburg Cell 9/11 2001 (proxy)","MCAR",0.3,3,"MPLE",0.652777777777778,0.719612794612795,0.0450000000000017
"Hamburg Cell 9/11 2001 (proxy)","MCAR",0.3,4,"MPLE",1,1,0.0480000000000018
"Hamburg Cell 9/11 2001 (proxy)","MCAR",0.3,5,"MPLE",0.833333333333333,0.73452380952381,0.0409999999999968
"Hamburg Cell 9/11 2001 (proxy)","MCAR",0.3,6,"MPLE",0.694444444444444,0.621825396825397,0.0390000000000015
"Hamburg Cell 9/11 2001 (proxy)","MCAR",0.3,7,"MPLE",0.833333333333333,0.73452380952381,0.0399999999999991
"Hamburg Cell 9/11 2001 (proxy)","MCAR",0.3,8,"MPLE",0.847222222222222,0.817857142857143,0.0420000000000016
"Hamburg Cell 9/11 2001 (proxy)","MCAR",0.3,9,"MPLE",1,1,0.0429999999999993
"Hamburg Cell 9/11 2001 (proxy)","MCAR",0.3,10,"MPLE",0.805555555555556,0.924242424242424,0.0439999999999969
"Hamburg Cell 9/11 2001 (proxy)","MCAR",0.5,1,"MPLE",0.685950413223141,0.685366430954666,0.0459999999999994
"Hamburg Cell 9/11 2001 (proxy)","MCAR",0.5,2,"MPLE",0.586776859504132,0.711277319172056,0.0429999999999993
"Hamburg Cell 9/11 2001 (proxy)","MCAR",0.5,3,"MPLE",0.917355371900826,0.940306915306915,0.0439999999999969
"Hamburg Cell 9/11 2001 (proxy)","MCAR",0.5,4,"MPLE",0.913223140495868,0.944232535141626,0.0429999999999993
"Hamburg Cell 9/11 2001 (proxy)","MCAR",0.5,5,"MPLE",0.859504132231405,0.849398202807294,0.0450000000000017
"Hamburg Cell 9/11 2001 (proxy)","MCAR",0.5,6,"MPLE",0.933884297520661,0.965367965367965,0.0429999999999993
"Hamburg Cell 9/11 2001 (proxy)","MCAR",0.5,7,"MPLE",0.520661157024793,0.562532881791255,0.0449999999999946
"Hamburg Cell 9/11 2001 (proxy)","MCAR",0.5,8,"MPLE",0.776859504132231,0.759783146146782,0.0519999999999996
"Hamburg Cell 9/11 2001 (proxy)","MCAR",0.5,9,"MPLE",0.690082644628099,0.64347331218989,0.0509999999999948
"Hamburg Cell 9/11 2001 (proxy)","MCAR",0.5,10,"MPLE",0.351239669421488,0.435219158206774,0.0489999999999995
"Hamburg Cell 9/11 2001 (proxy)","MNAR_degree",0.1,1,"MPLE",0.5,0.583333333333333,0.0500000000000043
"Hamburg Cell 9/11 2001 (proxy)","MNAR_degree",0.1,2,"MPLE",1,1,0.0499999999999972
"Hamburg Cell 9/11 2001 (proxy)","MNAR_degree",0.1,3,"MPLE",0.5,0.75,0.0510000000000019
"Hamburg Cell 9/11 2001 (proxy)","MNAR_degree",0.1,4,"MPLE",1,1,0.0510000000000019
"Hamburg Cell 9/11 2001 (proxy)","MNAR_degree",0.1,5,"MPLE",1,1,0.0579999999999998
"Hamburg Cell 9/11 2001 (proxy)","MNAR_degree",0.1,6,"MPLE",0.5,0.583333333333333,0.0499999999999972
"Hamburg Cell 9/11 2001 (proxy)","MNAR_degree",0.1,7,"MPLE",1,1,0.0499999999999972
"Hamburg Cell 9/11 2001 (proxy)","MNAR_degree",0.1,8,"MPLE",1,1,0.0450000000000017
"Hamburg Cell 9/11 2001 (proxy)","MNAR_degree",0.1,9,"MPLE",0.5,0.583333333333333,0.0450000000000017
"Hamburg Cell 9/11 2001 (proxy)","MNAR_degree",0.1,10,"MPLE",0.5,0.583333333333333,0.0439999999999969
"Hamburg Cell 9/11 2001 (proxy)","MNAR_degree",0.3,1,"MPLE",1,1,0.0459999999999994
"Hamburg Cell 9/11 2001 (proxy)","MNAR_degree",0.3,2,"MPLE",0.833333333333333,0.73452380952381,0.0530000000000044
"Hamburg Cell 9/11 2001 (proxy)","MNAR_degree",0.3,3,"MPLE",0.833333333333333,0.73452380952381,0.0459999999999994
"Hamburg Cell 9/11 2001 (proxy)","MNAR_degree",0.3,4,"MPLE",0.833333333333333,0.73452380952381,0.0480000000000018
"Hamburg Cell 9/11 2001 (proxy)","MNAR_degree",0.3,5,"MPLE",0.861111111111111,0.817857142857143,0.0519999999999996
"Hamburg Cell 9/11 2001 (proxy)","MNAR_degree",0.3,6,"MPLE",0.722222222222222,0.70515873015873,0.044000000000004
"Hamburg Cell 9/11 2001 (proxy)","MNAR_degree",0.3,7,"MPLE",1,1,0.0480000000000018
"Hamburg Cell 9/11 2001 (proxy)","MNAR_degree",0.3,8,"MPLE",0.833333333333333,0.73452380952381,0.0459999999999994
"Hamburg Cell 9/11 2001 (proxy)","MNAR_degree",0.3,9,"MPLE",0.875,0.873412698412698,0.054000000000002
"Hamburg Cell 9/11 2001 (proxy)","MNAR_degree",0.3,10,"MPLE",0.944444444444444,0.976190476190476,0.0470000000000041
"Hamburg Cell 9/11 2001 (proxy)","MNAR_degree",0.5,1,"MPLE",0.859504132231405,0.880438872663753,0.046999999999997
"Hamburg Cell 9/11 2001 (proxy)","MNAR_degree",0.5,2,"MPLE",0.479338842975207,0.501620846473788,0.0519999999999996
"Hamburg Cell 9/11 2001 (proxy)","MNAR_degree",0.5,3,"MPLE",0.760330578512397,0.840798372750244,0.0459999999999994
"Hamburg Cell 9/11 2001 (proxy)","MNAR_degree",0.5,4,"MPLE",0.78099173553719,0.863008233596469,0.0439999999999969
"Hamburg Cell 9/11 2001 (proxy)","MNAR_degree",0.5,5,"MPLE",0.818181818181818,0.860161934025571,0.0459999999999994
"Hamburg Cell 9/11 2001 (proxy)","MNAR_degree",0.5,6,"MPLE",0.541322314049587,0.513582659170894,0.0450000000000017
"Hamburg Cell 9/11 2001 (proxy)","MNAR_degree",0.5,7,"MPLE",0.71900826446281,0.81265387987876,0.044000000000004
"Hamburg Cell 9/11 2001 (proxy)","MNAR_degree",0.5,8,"MPLE",0.516528925619835,0.554237681510409,0.0420000000000016
"Hamburg Cell 9/11 2001 (proxy)","MNAR_degree",0.5,9,"MPLE",0.673553719008264,0.749722781674653,0.0489999999999995
"Hamburg Cell 9/11 2001 (proxy)","MNAR_degree",0.5,10,"MPLE",0.743801652892562,0.730026791390428,0.0420000000000016
"London Gang 2005–2009 (proxy)","MCAR",0.1,1,"MPLE",0.765625,0.764423076923077,0.0450000000000017
"London Gang 2005–2009 (proxy)","MCAR",0.1,2,"MPLE",0.8515625,0.906468531468531,0.0410000000000039
"London Gang 2005–2009 (proxy)","MCAR",0.1,3,"MPLE",0.671875,0.768831168831169,0.0400000000000063
"London Gang 2005–2009 (proxy)","MCAR",0.1,4,"MPLE",0.8046875,0.889583333333333,0.0390000000000015
"London Gang 2005–2009 (proxy)","MCAR",0.1,5,"MPLE",0.6796875,0.829166666666667,0.0400000000000063
"London Gang 2005–2009 (proxy)","MCAR",0.1,6,"MPLE",0.8203125,0.891865079365079,0.046999999999997
"London Gang 2005–2009 (proxy)","MCAR",0.1,7,"MPLE",0.734375,0.737581168831169,0.0449999999999946
"London Gang 2005–2009 (proxy)","MCAR",0.1,8,"MPLE",0.21875,0.473980186480186,0.0459999999999994
"London Gang 2005–2009 (proxy)","MCAR",0.1,9,"MPLE",0.84375,0.908184523809524,0.0510000000000019
"London Gang 2005–2009 (proxy)","MCAR",0.1,10,"MPLE",0.90625,0.930555555555556,0.0459999999999994
"London Gang 2005–2009 (proxy)","MCAR",0.3,1,"MPLE",0.6896,0.760814349901694,0.044000000000004
"London Gang 2005–2009 (proxy)","MCAR",0.3,2,"MPLE",0.6656,0.728988813585916,0.0429999999999993
"London Gang 2005–2009 (proxy)","MCAR",0.3,3,"MPLE",0.7424,0.78130782303036,0.0429999999999993
"London Gang 2005–2009 (proxy)","MCAR",0.3,4,"MPLE",0.7896,0.865066898494124,0.0379999999999967
"London Gang 2005–2009 (proxy)","MCAR",0.3,5,"MPLE",0.7552,0.846463427015029,0.0410000000000039
"London Gang 2005–2009 (proxy)","MCAR",0.3,6,"MPLE",0.7256,0.743270454600889,0.046999999999997
"London Gang 2005–2009 (proxy)","MCAR",0.3,7,"MPLE",0.7256,0.80241805091927,0.0420000000000016
"London Gang 2005–2009 (proxy)","MCAR",0.3,8,"MPLE",0.6616,0.713122634874645,0.0399999999999991
"London Gang 2005–2009 (proxy)","MCAR",0.3,9,"MPLE",0.728,0.828488523187753,0.0480000000000018
"London Gang 2005–2009 (proxy)","MCAR",0.3,10,"MPLE",0.7736,0.806477004753439,0.044000000000004
"London Gang 2005–2009 (proxy)","MCAR",0.5,1,"MPLE",0.615929705215419,0.697832805724215,0.0420000000000016
"London Gang 2005–2009 (proxy)","MCAR",0.5,2,"MPLE",0.689625850340136,0.739019300690875,0.0470000000000041
"London Gang 2005–2009 (proxy)","MCAR",0.5,3,"MPLE",0.700680272108844,0.76237900404347,0.044000000000004
"London Gang 2005–2009 (proxy)","MCAR",0.5,4,"MPLE",0.69359410430839,0.705986439301448,0.0449999999999946
"London Gang 2005–2009 (proxy)","MCAR",0.5,5,"MPLE",0.671201814058957,0.765321492491199,0.0459999999999994
"London Gang 2005–2009 (proxy)","MCAR",0.5,6,"MPLE",0.648809523809524,0.725888506842224,0.0450000000000017
"London Gang 2005–2009 (proxy)","MCAR",0.5,7,"MPLE",0.549886621315193,0.704188128055865,0.0449999999999946
"London Gang 2005–2009 (proxy)","MCAR",0.5,8,"MPLE",0.633786848072562,0.670517683169775,0.044000000000004
"London Gang 2005–2009 (proxy)","MCAR",0.5,9,"MPLE",0.66156462585034,0.730964633590889,0.0499999999999972
"London Gang 2005–2009 (proxy)","MCAR",0.5,10,"MPLE",0.566893424036281,0.6800091803521,0.044000000000004
"London Gang 2005–2009 (proxy)","MNAR_degree",0.1,1,"MPLE",0.703125,0.684867216117216,0.0470000000000041
"London Gang 2005–2009 (proxy)","MNAR_degree",0.1,2,"MPLE",0.6796875,0.820833333333333,0.0499999999999972
"London Gang 2005–2009 (proxy)","MNAR_degree",0.1,3,"MPLE",0.9140625,0.906795634920635,0.0459999999999994
"London Gang 2005–2009 (proxy)","MNAR_degree",0.1,4,"MPLE",0.8984375,0.928409090909091,0.046999999999997
"London Gang 2005–2009 (proxy)","MNAR_degree",0.1,5,"MPLE",0.9453125,0.965909090909091,0.0429999999999993
"London Gang 2005–2009 (proxy)","MNAR_degree",0.1,6,"MPLE",0.8984375,0.958333333333333,0.0499999999999972
"London Gang 2005–2009 (proxy)","MNAR_degree",0.1,7,"MPLE",0.796875,0.789434523809524,0.0570000000000022
"London Gang 2005–2009 (proxy)","MNAR_degree",0.1,8,"MPLE",1,1,0.046999999999997
"London Gang 2005–2009 (proxy)","MNAR_degree",0.1,9,"MPLE",0.984375,0.986111111111111,0.0560000000000045
"London Gang 2005–2009 (proxy)","MNAR_degree",0.1,10,"MPLE",0.640625,0.782291666666667,0.0480000000000018
"London Gang 2005–2009 (proxy)","MNAR_degree",0.3,1,"MPLE",0.7376,0.766036689724588,0.0489999999999995
"London Gang 2005–2009 (proxy)","MNAR_degree",0.3,2,"MPLE",0.708,0.752513407903165,0.0549999999999997
"London Gang 2005–2009 (proxy)","MNAR_degree",0.3,3,"MPLE",0.8248,0.86368169433434,0.0479999999999947
"London Gang 2005–2009 (proxy)","MNAR_degree",0.3,4,"MPLE",0.6992,0.703076031691296,0.0480000000000018
"London Gang 2005–2009 (proxy)","MNAR_degree",0.3,5,"MPLE",0.7184,0.791927309658692,0.0529999999999973
"London Gang 2005–2009 (proxy)","MNAR_degree",0.3,6,"MPLE",0.828,0.849805506761275,0.0459999999999994
"London Gang 2005–2009 (proxy)","MNAR_degree",0.3,7,"MPLE",0.6792,0.769041426262418,0.0439999999999969
"London Gang 2005–2009 (proxy)","MNAR_degree",0.3,8,"MPLE",0.6072,0.65973815998822,0.0429999999999993
"London Gang 2005–2009 (proxy)","MNAR_degree",0.3,9,"MPLE",0.6448,0.732614201424428,0.0519999999999996
"London Gang 2005–2009 (proxy)","MNAR_degree",0.3,10,"MPLE",0.6704,0.755210155814447,0.0449999999999946
"London Gang 2005–2009 (proxy)","MNAR_degree",0.5,1,"MPLE",0.602607709750567,0.709575287109892,0.0439999999999969
"London Gang 2005–2009 (proxy)","MNAR_degree",0.5,2,"MPLE",0.594387755102041,0.690013987512546,0.0529999999999973
"London Gang 2005–2009 (proxy)","MNAR_degree",0.5,3,"MPLE",0.617630385487528,0.601295192963074,0.0450000000000017
"London Gang 2005–2009 (proxy)","MNAR_degree",0.5,4,"MPLE",0.607142857142857,0.683816240124347,0.0439999999999969
"London Gang 2005–2009 (proxy)","MNAR_degree",0.5,5,"MPLE",0.694444444444444,0.788210227916124,0.0390000000000015
"London Gang 2005–2009 (proxy)","MNAR_degree",0.5,6,"MPLE",0.524943310657596,0.649534270268541,0.0429999999999993
"London Gang 2005–2009 (proxy)","MNAR_degree",0.5,7,"MPLE",0.654478458049887,0.738956285778628,0.0459999999999994
"London Gang 2005–2009 (proxy)","MNAR_degree",0.5,8,"MPLE",0.591553287981859,0.70208957919509,0.0579999999999998
"London Gang 2005–2009 (proxy)","MNAR_degree",0.5,9,"MPLE",0.65702947845805,0.716193449434056,0.046999999999997
"London Gang 2005–2009 (proxy)","MNAR_degree",0.5,10,"MPLE",0.674603174603175,0.760241732365863,0.0459999999999994
